consulta	nombre	categoria	direccion	pagina_web	telefono
carniceria	Carnes Miro LTDA.	Carnicerias	José Manuel Balmaceda 151 PUENTE Alto - RM	www.carnesmiro.cl	(+56)222505310
carniceria	Ganadera Real	Carnicerias	Av Pedro Montt 1850 Valparaíso - V Región	NA	(+56)322234698
carniceria	Carnicería Chancho a la Chilena	Carnicerias	Las Heras 723 Valparaíso - V Región	NA	(+56)322250741
carniceria	Carnes Don Ángel	Carnicerias	Pje Pdte Jorge Montt 246 Punta Arenas - XII Región	NA	(+56)612225665
carniceria	Metalmachine	Tornerias En Metal	Av Los Zapadores 889 RECOLETA - RM	www.metalmachinespa.cl	(+56)990960462
carniceria	Ferretería Ramírez	Supermercados	Emilio Cuevas 384 Doñihue - VI Región	NA	(+56)722462341
carniceria	Carnes y Cecinas Pincheira LTDA.	Cecinas	. . Calle Serrano 455- San carlos San Carlos - XVI Región	www.cecinaspincheira.cl	(+56)422411412
carniceria	Carniceria los Pesebres	Carnicerias	Angamos 151 Punta Arenas - XII Región	www.carnicerialospesebres.cl	(+56)612229572
carniceria	Castelblanco y CIA.	Carnicerias	Av Irarrázaval 721 ÑUÑOA - RM	NA	(+56)222256656
carniceria	Carniceria Dona Cata Limitada	Carnicerias	Av Padre Hurtado 12657 EL Bosque - RM	NA	(+56)225150615
carniceria	Carniceria Don Raul	Carnicerias	Av Tomé 0614 LA Granja - RM	NA	(+56)225266686
carniceria	Munoz Mora Marco Eliseo	Carnicerias	Los Olmos 4162 MACUL - RM	NA	(+56)222716315
carniceria	Ganadera Res LTDA.	Carnicerias	Av Vitacura 5410 VITACURA - RM	www.carneofertas.cl	(+56)228603515
carniceria	Mendez Guajardo Marcos Javier	Carnicerias	Galo González 4496 PEDRO Aguirre Cerda - RM	www.carniceriamarquitosjr.cl	(+56)225634120
carniceria	Carnes el Productor	Carnicerias	Av Vicuña Mackenna Poniente 7405 LA Florida - RM	www.dinacar.cl	(+56)222839968
carniceria	Ganadera Rupanco	Carnicerias	Lago Rupanco 2687 PEÑALOLÉN - RM	NA	(+56)222787559
carniceria	Carnes Darc	Carnicerias	Av Pocuro 2159 PROVIDENCIA - RM	NA	(+56)222356682
carniceria	Minimarket Andres Patricio Varela	Carnicerias	J. V. Gandarillas 331 SAN Joaquín - RM	NA	(+56)225186712
carniceria	Ganadera los Angeles	Carnicerias	Almirante Barroso 818 SANTIAGO - RM	www.ganaderalosangeles.cl	(+56)226965101
carniceria	Musso Carnes Finas	Carnicerias	Cuevas 1402 SANTIAGO - RM	NA	(+56)225559142
carniceria	Carniceria Villa Olvido	Carnicerias	Pte. F.Errázuriz 401 Punta Arenas - XII Región	NA	(+56)612229885
carniceria	Establecimientos Linares	Carnicerias	Av Valparaíso 349 Viña del Mar - V Región	www.rancholinares.cl	(+56)322711427
carniceria	Carnicería la Ocho	Carnicerias	Diego Portales 0399 Punta Arenas - XII Región	NA	(+56)612262536
carniceria	Inmobiliaria el Rebano Ltda	Carnicerias	Cap. Juan Guillermos 046 Punta Arenas - XII Región	NA	(+56)612211166
carniceria	Peñailillo T. y CIA. LTDA. Luis Alberto	Carnicerias	Av Antofagasta 164 San Antonio - V Región	NA	(+56)352213193
carniceria	Vega Arriagada Nardy del Carmen	Carnicerias	Av 21 de Mayo 3225 Concepción - VIII Región	NA	(+56)412783981
carniceria	Fricarne	Carnicerias	Francisco Bilbao 618 Pitrufquén - IX Región	NA	(+56)452391258
carniceria	San Fernando	Carnicerias	José María Caro 21 MELIPILLA - RM	NA	(+56)228312090
carniceria	Matadero Frigorifico Guerra	Carnicerias	Av El Vaticano 0 Curicó - VII Región	www.frigoguerra.cl	(+56)752322015
carniceria	Carniceria Don Ivan	Carnicerias	Franklin 840 SANTIAGO - RM	NA	(+56)225563761
carniceria	Carniceria Don Alejandro	Carnicerias	Ramón Freire 302 Gorbea - IX Región	NA	(+56)452490719
carniceria	Cecinas Lopez y Lopez Limitada	Carnicerias	Pje Marcela Paz 1 Los Angeles - VIII Región	NA	(+56)412464440
carniceria	La Popular	Carnicerias	Serrano 207 Lota - VIII Región	NA	(+56)412870358
carniceria	Aedo Munoz Carlos Rudecindo y Otro	Carnicerias	Francisco Bilbao 781 Pitrufquén - IX Región	NA	(+56)452392100
carniceria	Truz SA	Carnicerias	Las Violetas 2131 PROVIDENCIA - RM	NA	(+56)227355879
carniceria	Flores Andronico Ana Patricia y Otra	Carnicerias	José Stgo. Aldunate 1536 Coquimbo - IV Región	NA	(+56)512314814
carniceria	Comercial Trio Limitada	Carnicerias	San Isidro 471 SANTIAGO - RM	WWW.CARNESTRIO.CL	(+56)226345192
carniceria	Amar Amar y Compania Limitada	Carnicerias	Benigno Caldera 118 San Felipe - V Región	NA	(+56)342512040
carniceria	Comercial e Industrial Martinez y Cartes LTDA.	Carnicerias	Caupolicán 699 Concepción - VIII Región	NA	(+56)652287348
carniceria	Carnes Santa Elena Limitada	Carnicerias	Av 21 de Mayo 3225 Concepción - VIII Región	NA	(+56)412793120
carniceria	Soc Carnes Belcar Limitada	Carnicerias	Colo-Colo 680 Concepción - VIII Región	NA	(+56)412740464
carniceria	Carniceria  Mym	Carnicerias	Av 21 de Mayo 3225 Concepción - VIII Región	NA	(+56)412791523
carniceria	Carniceria el Bigotito	Carnicerias	Av René Schneider 931 Coquimbo - IV Región	NA	(+56)512244324
carniceria	Las 3B	Carnicerias	Almirante Simpson 1492 Coyhaique - XI Región	NA	(+56)672230106
carniceria	Dinacar Ltda	Carnicerias	Av Rancagua 206 PROVIDENCIA - RM	NA	(+56)223415272
carniceria	Soc Agricola y Ganadera Golden Beef Limitada	Carnicerias	Larraín 6785 LA Reina - RM	NA	(+56)222260876
carniceria	Soc Comercializadora y Distribuidora de Carnes Escobar y Cia	Carnicerias	Chacabuco 1 SANTIAGO - RM	NA	(+56)226810554
carniceria	Carniceria el Torito	Carnicerias	Magallanes 299 Natales - XII Región	NA	(+56)612412171
carniceria	Carniceria el Gauchito	Carnicerias	Pte. F.Errázuriz 399 Punta Arenas - XII Región	NA	(+56)976237928
carniceria	Teresa Eliet Parra Lubbe	Carnicerias	Orompello 603 Cunco - IX Región	NA	(+56)452573249
carniceria	Carnes Pampa Grande	Carnicerias	Av España 0480 Punta Arenas - XII Región	NA	(+56)993433856
carniceria	Carniceria Esfuerzo	Carnicerias	Estados Unidos 1216 CERRO Navia - RM	NA	(+56)226494788
carniceria	Carniceria de Equino la Empeñosa	Carnicerias	Lautaro 1460 Temuco - IX Región	www.facebook.com/patriciohertling	(+56)989354304
carniceria	Carniceria la Regalona	Carnicerias	Aníbal Pinto 105 Pichilemu - VI Región	NA	(+56)722841658
carniceria	Ganadera el Campesino	Carnicerias	Av Independencia 1976 INDEPENDENCIA - RM	NA	(+56)227357256
carniceria	Ricardo Antonio Yañez Gonzalez	Carnicerias	Cerro Punta de Damas 1612 PUENTE Alto - RM	NA	(+56)228510459
carniceria	Carniceria Ganadera	Carnicerias	Av Recoleta 2301 RECOLETA - RM	NA	(+56)226211159
carniceria	Los Tres Chanchitos	Carnicerias	San Martín 1072 Linares - VII Región	www.treschanchitoslinares.cl	(+56)732214614
carniceria	Carniceria la Inion	Carnicerias	Uruguay 586 Valparaíso - V Región	NA	(+56)322219474
carniceria	Carnes Bifesur	Carnicerias	Av Arturo Aldunate 1471 Coquimbo - IV Región	www.facebook.com/carnes-bifesur-1191495920896686	(+56)512321435
carniceria	Ganaderia la Feria	Carnicerias	Francisco Chacón 613 TALAGANTE - RM	NA	(+56)228152871
carniceria	Carniceria Linderos	Carnicerias	Av 21 de Mayo 5380 Quillota - V Región	NA	(+56)332320165
carniceria	Agricola y Ganadera Santa Victoria Limitada	Carnicerias	Flor de Villagrán 566 Cañete - VIII Región	WWW.GANADERASANTAVICTORIA.CL	(+56)412611485
carniceria	Carnes Santa Irma	Carnicerias	Av Coronel Alejandro Sepúlveda 2021 PEÑALOLÉN - RM	NA	(+56)222763052
carniceria	Carnes Piscis	Carnicerias	Suiza 2761 Hualpén - VIII Región	NA	(+56)953965875
carniceria	Carniceria la Buena Carne	Carnicerias	1 Norte 0 Talca - VII Región	NA	(+56)712233464
carniceria	Carnes Kar	Carnicerias	Leonora Latorre 1981 Antofagasta - II Región	NA	(+56)552424712
carniceria	Carnes Santa Ana	Carnicerias	Av Ochagavía 0 SAN Bernardo - RM	www.aasa.cl	(+56)225594461
carniceria	Carniceria Don Pedro	Carnicerias	Urmeneta 61 Limache - V Región	NA	(+56)332419598
carniceria	Frigorificos del Sur	Carnicerias	Milano 961 Temuco - IX Región	NA	(+56)452320281
carniceria	Feria de la Carne	Carnicerias	Gamboa 467 Castro - X Región	www.facebook.com/feriadelacarneeirl/	(+56)652632966
carniceria	Carnes y Cecinas	Carnicerias	Pedro Aguirre Cerda 799 Lota - VIII Región	NA	(+56)412872663
carniceria	Carnes Cariño Bueno	Carnicerias	Av Francia 730 Valparaíso - V Región	NA	(+56)322254519
carniceria	Carniceria Austral	Carnicerias	Santiago 799 Villa Alemana - V Región	NA	(+56)322530264
carniceria	Adolfo German Erpel Navarrete	Carnicerias	Av San Pablo 8757 QUINTA Normal - RM	NA	(+56)226433364
carniceria	Carnicería la Araucana	Carnicerias	General Baquedano 657 Valdivia - XIV Región	NA	(+56)632236696
carniceria	Carniceria Carnes Sur	Carnicerias	3 Sur 1799 Talca - VII Región	www.carnessur.cl	(+56)974193587
carniceria	Carnes Alejandra Ugarte e Hijo Limitada	Carnicerias	Los Franciscanos 2002 SAN Ramón - RM	NA	(+56)976704960
carniceria	Carniceria Rj	Carnicerias	Av Progreso 2000 Iquique - I Región	NA	(+56)572573956
carniceria	Carniceria Mincho	Carnicerias	Av Comercio 19881 SAN José de Maipo - RM	NA	(+56)228611189
carniceria	Carniceria las Isla	Carnicerias	Isla Chiloé 405 PUDAHUEL - RM	NA	(+56)227493928
carniceria	Carniceria Montecinai	Carnicerias	Av Santa María 2141 Arica - XV Región	NA	(+56)582229425
carniceria	Adicar	Carnicerias	Diagonal Sur Oriente 0526 LA Granja - RM	NA	(+56)225168621
carniceria	Carniceria Serrano	Carnicerias	Ignacio Serrano 279 Curanilahue - VIII Región	NA	(+56)412692793
carniceria	Carniceria Minimarket Sol de Ale	Carnicerias	Av Gran Av.José Miguel Carrera 4561 SAN Miguel - RM	NA	(+56)965702122
carniceria	Carniceria Aguilera	Carnicerias	Alemania 4035 Hualpén - VIII Región	NA	(+56)412433695
carniceria	Carnes Don Shalo	Carnicerias	Av Padre Santiago Loveluck 592 Cartagena - V Región	NA	(+56)352452501
carniceria	Carniceria Monserrat	Carnicerias	Chiloé 944 Punta Arenas - XII Región	NA	(+56)988202805
carniceria	Carniceria Caliope	Carnicerias	Av José Miguel Infante 5842 RENCA - RM	www.veterinariainfante.cl	(+56)226425451
carniceria	Carniceria la Familia	Carnicerias	Las Heras 673 Valparaíso - V Región	NA	(+56)322595954
carniceria	Carniceria Rotiseria San Antonio	Carnicerias	San José 1127 Puerto Montt - X Región	NA	(+56)652257814
carniceria	Carnes Patricia	Carnicerias	Av Larraín 6785 LA Reina - RM	www.carnespatricia.cl	(+56)222276812
carniceria	Carniceria Todo en Carnes	Carnicerias	General Del Canto 0611 Punta Arenas - XII Región	NA	(+56)612228495
carniceria	Carnes Cato'S	Carnicerias	Almirante Latorre 593 Calera - V Región	NA	(+56)332221792
carniceria	Carnes Sori	Carnicerias	San Luis de Macul 5362 PEÑALOLÉN - RM	www.carnessori.cl	(+56)222848468
carniceria	Carnicerias Santiago	Carnicerias	Estado 509 Rancagua - VI Región	NA	(+56)722239780
carniceria	Carniceria y Fabrica de Cecinas Frutillar	Carnicerias	Aníbal Pinto 196 Frutillar - X Región	NA	(+56)652421080
carniceria	Carniceria la Estrella	Carnicerias	Maipú 266 Arica - XV Región	NA	(+56)582251856
carniceria	Pica San Marcos	Carnicerias	Manuel Rodríguez 529 Valparaíso - V Región	www.picasanmarcos.cl	(+56)322123001
carniceria	Carniceria Perla del Sur	Carnicerias	Chaitén 542 Puerto Montt - X Región	NA	(+56)652342849
carniceria	Comercial Guerrero la Carne	Carnicerias	Av La Compañía 431 Graneros - VI Región	NA	(+56)722472757
carniceria	Sociedad Comercial Carvajal y Zubieta Ltda	Carnicerias	Serrano 0 Vallenar - III Región	www.carniceriascarvajalyzubieta.cl	(+56)512618168
carniceria	Carniceria de Equipo Rr.	Carnicerias	Gdor. Muñoz Gamero 1502 LA Pintana - RM	NA	(+56)225185508
carniceria	Restaurant Taishi	Carnicerias	Cno a Pelarco 0 Pelarco - VII Región	www.eventoscasapatronales.cl	(+56)712246466
carniceria	Pollo Expres	Carnicerias	Av Chacabuco 349 San Felipe - V Región	NA	(+56)342519153
carniceria	Carnes el Maiten	Carnicerias	Santa Rosa 539 Puerto Varas - X Región	www.carneselmaiten.cl	(+56)998390640
carniceria	Soc Comercial Varas Hermanos Limitada	Carnicerias	José Joaquín Pérez 400 Calera - V Región	NA	(+56)332221229
carniceria	Canales e Hijos LTDA.	Carnicerias	Ruta 0 Rancagua - VI Región	NA	(+56)722758466
carniceria	Martinez Contreras Antonio Sucesion	Carnicerias	B. García Huidobro 0 Catemu - V Región	NA	(+56)342631331
carniceria	Antonio Ivelic y Cia Ltda	Carnicerias	Pte. F.Errázuriz 600 Punta Arenas - XII Región	NA	(+56)612222274
carniceria	Salinas O. Cecilia	Carnicerias	9 de Enero 3158 LO Espejo - RM	NA	(+56)228543192
carniceria	Carnicerias de Lobos Aliaga	Carnicerias	Gauss 5090 SAN Miguel - RM	NA	(+56)225225289
carniceria	Marta Diaz Amaro CIA.	Carnicerias	Av Centenario 147 San Antonio - V Región	NA	(+56)352212171
carniceria	Carnes Don Pedro	Carnicerias	Gómez Carreño 4274 Viña del Mar - V Región	NA	(+56)322864076
carniceria	Carniceria Central	Carnicerias	Av El Ocaso 1105 Quilpué - V Región	NA	(+56)322947510
carniceria	Carnes Osorno	Carnicerias	Av Padre Hurtado 10107 EL Bosque - RM	NA	(+56)225486039
carniceria	Don Matias	Carnicerias	Av Gabriela Oriente 1010 PUENTE Alto - RM	NA	(+56)222951353
carniceria	Carnes Traiguen	Carnicerias	Feliciano Silva 402 San Fernando - VI Región	NA	(+56)722717840
carniceria	Mi Carniceria	Carnicerias	Alfredo Rosende 598 RECOLETA - RM	NA	(+56)226224243
carniceria	Villa Italia	Carnicerias	Manuel Recabarren 01540 Temuco - IX Región	NA	(+56)452286328
carniceria	Carnes Camila	Carnicerias	Santa Matilde 1587 Rancagua - VI Región	NA	(+56)722225082
carniceria	Los Almendros	Carnicerias	Los Almendros 766 Curicó - VII Región	NA	(+56)752314517
carniceria	Carniceria Javiera	Carnicerias	Ecuador 16 Valparaíso - V Región	NA	(+56)322257240
carniceria	Carniceria Don Pedro	Carnicerias	Av Playa Ancha 0 Valparaíso - V Región	NA	(+56)322287497
carniceria	Carnes Mendoza	Carnicerias	Franklin 888 SANTIAGO - RM	NA	(+56)225562234
carniceria	Carniceria Pedro Montt	Carnicerias	Av Pedro Montt 2440 Valparaíso - V Región	NA	(+56)322217181
carniceria	Carnes Austral	Carnicerias	Pte. F.Errázuriz 735 Punta Arenas - XII Región	NA	(+56)612710224
carniceria	Carnes el Parcelero	Carnicerias	18 Oriente 1183 Talca - VII Región	NA	(+56)712242248
carniceria	Carniceria los Boldos	Carnicerias	Nueva 12 Chiguayante - VIII Región	NA	(+56)412948061
carniceria	San Sebastian	Carnicerias	Av Ramón Freire 260 Dalcahue - X Región	NA	(+56)652641392
carniceria	Waymin	Carnicerias	Serrano 125 Huasco - III Región	NA	(+56)512531263
carniceria	Marcelo Andres Tolosa Aravena, Inversiones em	Carnicerias	Coronel Ramón Freire 1163 MAIPÚ - RM	NA	MAIP\u00DA-RM
carniceria	Rotiseria Arica Limitada	Carnicerias	Colón 611 Arica - XV Región	NA	(+56)582232971
carniceria	Sociedad Comercial Garcia Limitada	Carnicerias	Los Almendros 3017 Alto Hospicio - I Región	NA	(+56)572498285
carniceria	Carnes Campos Sur	Carnicerias	Pje Río Lauca 786 Antofagasta - II Región	NA	(+56)552840903
carniceria	Venta de Carnes y Embutidos Rosa Parra	Carnicerias	Aníbal Pinto 255 Perquenco - IX Región	NA	(+56)452537031
carniceria	Carniceria los Copihues	Carnicerias	Av Independencia 465 Pichidegua - VI Región	NA	(+56)722591130
carniceria	Local Comercial y  Restorante Rosa Andrea Rubio Sola E.I.R.	Carnicerias	Aurora 2950 La Serena - IV Región	NA	(+56)512256951
carniceria	Comercializadora de Carnes la Flor Limitada	Carnicerias	Maestranza 1799 Temuco - IX Región	NA	(+56)452223926
carniceria	Pura Carne	Carnicerias	Av Paicaví 1997 Concepción - VIII Región	NA	(+56)412790736
carniceria	Carnes San Carlos	Carnicerias	Av Circunvalación 250 Rancagua - VI Región	www.carnessancarlos.cl	(+56)722644650
carniceria	Carnicerias Varas	Carnicerias	José Joaquín Pérez 400 Calera - V Región	www.carnevaras.cl	(+56)978838483
carniceria	Ganadera San Rodrigo	Carnicerias	Cerro San Juan 479 Machalí - VI Región	NA	(+56)987270606
carniceria	Carniceria Tamarugal	Carnicerias	Av Progreso 2000 Iquique - I Región	NA	(+56)572430657
carniceria	Aravena y CIA. LTDA.	Carnicerias	Av Trinidad 1319 LA Florida - RM	NA	(+56)222813601
carniceria	Biocarnes	Carnicerias	Yugoslavia 1758 Hualpén - VIII Región	WWW.BIOCARNES.CL	(+56)412106197
carniceria	Sodicar LTDA. Venta de Carne y Maquinaria para el Comercio	Carnicerias	Av San Marcos 793 El Tabo - V Región	NA	(+56)352469049
carniceria	Carniceria Tarapaca	Carnicerias	Juan Trabuco 3680 Arica - XV Región	NA	(+56)582213291
carniceria	Carnes San Francisco	Carnicerias	San Francisco 13250 LA Pintana - RM	NA	(+56)224805936
carniceria	Carnicerias Mb	Carnicerias	Av Neptuno 1301 QUINTA Normal - RM	NA	(+56)227861675
carniceria	Carnes Shalom	Carnicerias	Locarno 0919 LA Cisterna - RM	NA	(+56)225241810
carniceria	Donde Pancho	Carnicerias	Av La Travesía 8622 PUDAHUEL - RM	NA	(+56)227494465
carniceria	Carniceria Don Cata	Carnicerias	Av Suecia 2948 Concepción - VIII Región	www.carniceriadoncata.cl	(+56)412410624
carniceria	Delikarnes LTDA.	Carnicerias	Av Michimalonco 1219 San Pedro de la Paz - VIII Región	www.delikarnes.cl	(+56)998841869
carniceria	Carnes de Solis	Carnicerias	Maipú 603 Linares - VII Región	WWW.CARNESDESOLIS.CL	(+56)732223694
carniceria	Sociedad Carnes Loma Larga y Cia Ltda	Carnicerias	Antofagasta 339 Ovalle - IV Región	NA	(+56)532633726
carniceria	Carniceria la Nueva	Carnicerias	Aviador Acevedo 802 Villarrica - IX Región	NA	(+56)452419924
carniceria	Carniceria Manquimavida	Carnicerias	Pinares 138 Chiguayante - VIII Región	NA	(+56)412362217
carniceria	Carniceria Elin	Carnicerias	Av Pablo Neruda 6174 HUECHURABA - RM	NA	(+56)966186995
carniceria	Carniceria Contreras	Carnicerias	Galvarino Riveros N. 739 Castro - X Región	NA	(+56)994058375
carniceria	Carniceria Chancheria Chile	Carnicerias	10 Norte 1147 Viña del Mar - V Región	NA	(+56)322972005
carniceria	Soc Comercial Medina y Compania Limitada	Carnicerias	Lautaro 1 Angol - IX Región	NA	(+56)452712360
carniceria	Carniceria Magallanes	Carnicerias	Pte. J. M. Balmaceda 700 Punta Arenas - XII Región	NA	(+56)612222596
carniceria	Mas Carnes	Carnicerias	Artesanos 719 RECOLETA - RM	www.mascarne.cl	(+56)227844950
carniceria	Carniceria Sanhueza	Carnicerias	Nueva de Matte 2751 INDEPENDENCIA - RM	NA	(+56)227777812
carniceria	Carniceria Belen	Carnicerias	Av San José de la Estrella 898 LA Granja - RM	NA	(+56)222622188
carniceria	Carniceria Ramirez	Carnicerias	Bombero Ossandón 3217 PEDRO Aguirre Cerda - RM	NA	(+56)225219075
carniceria	Carniceria la Flor	Carnicerias	Av Recoleta 2899 RECOLETA - RM	NA	(+56)226211848
carniceria	Carniceria  Clementina Ruiz	Carnicerias	Abtao 906 QUINTA Normal - RM	NA	(+56)227775385
carniceria	La Esperanza	Carnicerias	Apolo 13 1638 CERRO Navia - RM	NA	(+56)226432905
carniceria	Carnes Castillo	Carnicerias	Los Cipreses 145 HUECHURABA - RM	NA	(+56)226259041
carniceria	Elgueta Tapia Sonia del Carmen	Carnicerias	Av José Joaquín Pérez 6459 CERRO Navia - RM	NA	(+56)227740190
carniceria	Carniceria Simon y Simon	Carnicerias	Bascuñán Guerrero 1809 SANTIAGO - RM	NA	(+56)226836211
carniceria	Fortin y Compania Limitada	Carnicerias	Av San Francisco 6416 LO Prado - RM	NA	(+56)227729615
carniceria	Rojas Espinoza Carlos Segundo y Otro	Carnicerias	Bulnes 585 SAN Bernardo - RM	NA	(+56)228598255
carniceria	Carniceria la Mejor	Carnicerias	Pje Los Plátanos 544 HUECHURABA - RM	NA	(+56)226254232
carniceria	Carniceria Santa Rosa	Carnicerias	Av Italia 1753 ÑUÑOA - RM	NA	(+56)222041671
carniceria	Stange Arriagada Maria Ester	Carnicerias	Av Unión 393 RECOLETA - RM	NA	(+56)227321608
carniceria	Cortes Palma Jose Alejandro	Carnicerias	Salvador Gutiérrez 5990 QUINTA Normal - RM	NA	(+56)227746114
carniceria	La Bienvenida	Carnicerias	12 de Febrero 892 SAN Bernardo - RM	NA	(+56)228597650
carniceria	Carnicerías Carmen del Sur	Carnicerias	Av Las Rejas Norte 146 LO Prado - RM	NA	(+56)227787554
carniceria	Carniceria  Nt	Carnicerias	General Arriagada 1420 LA Florida - RM	NA	(+56)222625880
carniceria	Almacen Karen	Carnicerias	Pje Avila 12225 EL Bosque - RM	NA	(+56)227801056
carniceria	Pardo Velasquez Viviana del Carmen	Carnicerias	Pje Pastores 1181 MAIPÚ - RM	NA	(+56)225340510
carniceria	Susecion Enrique Chau	Carnicerias	Martínez de Rozas 3798 QUINTA Normal - RM	NA	(+56)227739656
carniceria	Comercial Arauco	Carnicerias	Av Angamos 081 Antofagasta - II Región	www.carnesarauco.cl	(+56)552247876
carniceria	Carniceria y Supermercado Barrio Norte	Carnicerias	Fresia 1901 Concepción - VIII Región	NA	(+56)412913688
carniceria	Sociedad Ganadera los Copihues Ltda	Carnicerias	Av Independencia 4372 CONCHALÍ - RM	NA	(+56)227373823
carniceria	Soc Jauregui Jauregui Limitada	Carnicerias	Av Cerrillos 4030 PEDRO Aguirre Cerda - RM	NA	(+56)226831911
carniceria	Opazo Quezada Anibal Eduardo	Carnicerias	Baquedano 886 LAMPA - RM	NA	(+56)228421044
carniceria	Fernandez Salinas Gonzalo Sebastian	Carnicerias	Av Miraflores 156 BUIN - RM	NA	(+56)228219185
carniceria	Carniceria Leonardo Mamani	Carnicerias	Av Rafael Sotomayor 1521 Arica - XV Región	NA	(+56)582230646
carniceria	Carniceria Cristina	Carnicerias	Pje Raulí 2675 Arica - XV Región	NA	(+56)582262091
carniceria	Kong Munizaga y Otra Mario Hernan	Carnicerias	Barros Arana 800 Iquique - I Región	NA	(+56)572472163
carniceria	Carnes Kar LTDA.	Carnicerias	Vivar 670 Iquique - I Región	NA	(+56)572532121
carniceria	Carniceria y Rotiseria Peñita	Carnicerias	Av Ignacio Carrera Pinto 235 Illapel - IV Región	NA	(+56)532523990
carniceria	Carniceria los Compadres	Carnicerias	Gabriela Mistral 495 Vicuña - IV Región	NA	(+56)512411292
carniceria	Carnes Sabrocid	Carnicerias	Av Cristóbal Colón 3826 Talcahuano - VIII Región	www.sabrocid.cl	(+56)412740464
carniceria	Distribuidora de Pollos y Carnes Señora Nancy	Carnicerias	Av Manuel Rodríguez 1438 Chiguayante - VIII Región	NA	(+56)412359852
carniceria	Pizarro Vargas Fernando Enrique y Otra	Carnicerias	Benavente 350 Ovalle - IV Región	NA	(+56)532622590
carniceria	Carnicerias Landinas	Carnicerias	J. Martínez de Rozas 814 Diego de Almagro - III Región	NA	(+56)522441055
carniceria	El Novillero	Carnicerias	Av Henríquez 405 Copiapó - III Región	NA	(+56)522219639
carniceria	Carniceria la Reina	Carnicerias	Quechereguas 1924 Molina - VII Región	NA	(+56)752492538
carniceria	Minimarket y Carniceria Jonathan	Carnicerias	Av Provincial 424 Rancagua - VI Región	NA	(+56)999645830
carniceria	Meat Food S.A.	Carnicerias	Antillanca 611 PUDAHUEL - RM	www.meatfood.cl	(+56)229493749
carniceria	Carnes Levis	Carnicerias	Artesanos 719 RECOLETA - RM	NA	(+56)227373556
carniceria	Dicasur Carnes	Carnicerias	Av Brasil 835 Rancagua - VI Región	NA	(+56)722220168
carniceria	Carnes el Carmen	Carnicerias	Av 21 de Mayo 3225 Concepción - VIII Región	NA	(+56)412391691
carniceria	Carnicería la Primavera	Carnicerias	San Juan 2139 PUENTE Alto - RM	NA	(+56)228504144
carniceria	Carnes San Martin	Carnicerias	Av Nueva San Martín 1210 MAIPÚ - RM	NA	(+56)229431085
carniceria	Carnes la Hacienda	Carnicerias	Constitución 911 Illapel - IV Región	NA	(+56)532524331
carniceria	Carniceria Don Sebastian	Carnicerias	Av Arturo Prat 21 Machalí - VI Región	NA	(+56)722411781
carniceria	Carnes Rika?S	Carnicerias	Av Edificio La Recova 0 La Serena - IV Región	NA	(+56)512212509
carniceria	Ordenes - Domingo	Carnicerias	Diagonal Santa Irene 3081 LA Florida - RM	NA	(+56)224542491
carniceria	Saez Troter Mario	Carnicerias	Av Quilín 4717 MACUL - RM	NA	(+56)225585087
carniceria	Agricultor Carniceria y Rotiseria	Carnicerias	Av Estadio 59 Teno - VII Región	NA	(+56)752510019
carniceria	Supermercado de la Carne	Carnicerias	Av San Martín 364 Temuco - IX Región	NA	(+56)452232556
carniceria	Carniceria Lo Mejor del Parrillero	Carnicerias	Franklin 840 SANTIAGO - RM	NA	(+56)225569137
carniceria	Carniceria Denavisur	Carnicerias	Las Hortensias 5262 Talcahuano - VIII Región	NA	(+56)412942894
carniceria	Carnes Ranco	Carnicerias	Av Concón-Reñaca 275 Concón - V Región	NA	(+56)322810891
carniceria	Carnicerias Dagos	Carnicerias	Latorre 1989 Calama - II Región	NA	(+56)552361930
carniceria	Toro Bravo	Carnicerias	Av Luis Gómez Carreño 0 Coquimbo - IV Región	NA	(+56)512391779
carniceria	Marcelo	Carnicerias	Pje 3 de Septiembre 0274 PUENTE Alto - RM	NA	(+56)228424711
carniceria	Calle Mamani Laura Alicia	Carnicerias	Pje Francisco Urzúa 3725 Arica - XV Región	NA	(+56)582214700
carniceria	Multicarnes	Carnicerias	José Santos Ossa 2463 Antofagasta - II Región	www.multicarnes.cl	(+56)552239430
carniceria	San Luis	Carnicerias	Esmeralda 1295 Arica - XV Región	NA	(+56)582259071
carniceria	Carnes Donoso	Carnicerias	Av Providencia 1760 PROVIDENCIA - RM	www.carnesdonoso.cl	(+56)225558300
carniceria	Comercializadora y Distribuidora Juan Jose Cano	Carnicerias	Baden Powell 66 Quilpué - V Región	NA	(+56)322986527
carniceria	Comercial Res	Carnicerias	Av Recoleta 3190 RECOLETA - RM	www.comercialres.cl	(+56)226834964
carniceria	Carnes Ñuble el Triunfo	Carnicerias	Salvador Gutiérrez 8018 CERRO Navia - RM	NA	(+56)226443704
carniceria	Carlos Fuenzalida	Carnicerias	Av Francisco Bilbao 1546 Coyhaique - XI Región	NA	(+56)672241290
carniceria	Carnes Curacautin	Carnicerias	San Jorge 2227 LA Florida - RM	NA	(+56)222670455
carniceria	Carnes Luis	Carnicerias	San Francisco 2165 SANTIAGO - RM	NA	(+56)225510716
carniceria	Carnes Jaime	Carnicerias	San Fernando 1416 CONCHALÍ - RM	NA	(+56)227343901
carniceria	Carnes Caceres	Carnicerias	Av México 3196 PUENTE Alto - RM	NA	(+56)228722465
carniceria	Carnes Isaias	Carnicerias	Franklin 946 SANTIAGO - RM	NA	(+56)225550333
carniceria	La Union	Carnicerias	Av Plazuela Ecuador 680 Valparaíso - V Región	NA	(+56)322122029
carniceria	Pura Carne	Carnicerias	Lib. B. O'Higgins 601 Penco - VIII Región	NA	(+56)412452469
carniceria	Carne Chimichurri	Carnicerias	Av Lo Cruzat 0460 QUILICURA - RM	NA	(+56)226070708
carniceria	Carniceria Jw	Carnicerias	Av Ramón Picarte 1912 Valdivia - XIV Región	NA	(+56)632222240
carniceria	Ganadera de los Angeles	Carnicerias	Pedro Aldunate Solar 1458 Puchuncaví - V Región	NA	(+56)322796606
carniceria	Carnes San Pedro	Carnicerias	Gral. J. de San Ma. 799 Las Cabras - VI Región	NA	(+56)722501987
carniceria	Juan Rubio	Carnicerias	Pte. G. Riesco Errá. 414 San Vicente - VI Región	NA	(+56)722572098
carniceria	Carniceria el Andacollino	Carnicerias	Av Progreso 1955 Iquique - I Región	NA	(+56)987761716
carniceria	Carnes Seleccionadas de Valdivia	Carnicerias	Nueva Aldea 2012 LA Florida - RM	NA	(+56)225130497
carniceria	Carniceria Hermanos Aranguiz	Carnicerias	De Salazar 325 CURACAVÍ - RM	NA	(+56)228359873
carniceria	Carniceria Raquel	Carnicerias	Los Franciscanos 2002 SAN Ramón - RM	NA	(+56)225463495
carniceria	Carniceria	Carnicerias	José Joaquín Pérez 8633 CERRO Navia - RM	NA	(+56)226434401
carniceria	Carniceria Yireht	Carnicerias	Aurora de Chile 4343 PEDRO Aguirre Cerda - RM	NA	(+56)225638803
carniceria	Carnes Andacollo	Carnicerias	San Pablo 4764 QUINTA Normal - RM	NA	(+56)229841658
carniceria	Ganadera Sur	Carnicerias	Calderón de la Barca 503 SAN Bernardo - RM	NA	(+56)225286407
carniceria	Ganadera Don Francisco	Carnicerias	Av La Estrella 1339 PUDAHUEL - RM	NA	(+56)226678044
carniceria	Carnes Oly	Carnicerias	Franklin 888 SANTIAGO - RM	NA	(+56)225518274
carniceria	El Regalon	Carnicerias	J. Guzmán Errázuriz 8569 PUDAHUEL - RM	NA	(+56)227482552
carniceria	Carniceria Don Julio	Carnicerias	John Kennedy 13031 LA Pintana - RM	www.carniceriadonjulio.cl	(+56)225457123
carniceria	Carniceria Delicias	Carnicerias	Río Claro 1802 PEÑALOLÉN - RM	NA	(+56)223227035
carniceria	Carniceria Mane	Carnicerias	Franklin 888 SANTIAGO - RM	NA	(+56)225559509
carniceria	Ganado Sureño	Carnicerias	Almagro 1398 Los Angeles - VIII Región	NA	(+56)432369382
carniceria	Carniceria y Elaboracion de Productos Ahumados Gorbea	Carnicerias	Manuel Rodríguez 855 Gorbea - IX Región	NA	(+56)452492005
carniceria	Carniceria Triviño	Carnicerias	San Martín 694 Castro - X Región	NA	(+56)652638069
carniceria	Carnes los Temucanos	Carnicerias	Pje Juan Francisco Fresno 1700 Coronel - VIII Región	NA	(+56)412754921
carniceria	El Tata	Carnicerias	Cauquenes 1097 RECOLETA - RM	NA	(+56)977524947
carniceria	Carnes Manriquez	Carnicerias	Manuel Rodríguez 1495 Temuco - IX Región	NA	(+56)452237007
carniceria	Carnes Varela Quintana	Carnicerias	Franklin 888 SANTIAGO - RM	NA	(+56)222946466
carniceria	Las Marias	Carnicerias	Av Humeres 604 Cabildo - V Región	NA	(+56)332761998
carniceria	Carniceria Aeropuerto	Carnicerias	Donatila Fernández 177 Chañaral - III Región	NA	(+56)522480306
carniceria	El Caliz	Carnicerias	Manuel Montt 1325 Tomé - VIII Región	NA	(+56)412658404
carniceria	Carniceria Jajjarw	Carnicerias	Chorrillos 602 Victoria - IX Región	NA	(+56)452846219
carniceria	Don Juan	Carnicerias	Sotomayor 299 Nueva Imperial - IX Región	NA	(+56)452613506
carniceria	La Veguita	Carnicerias	Alonso de Berríos 6024 PEÑALOLÉN - RM	NA	(+56)222717249
carniceria	Carniceria el Trigal	Carnicerias	Aconcagua 1189 Calera - V Región	NA	(+56)332369052
carniceria	Carne Doña Maria	Carnicerias	Madrid 3263 Quilpué - V Región	NA	(+56)322943911
carniceria	Carniceria San Pedro	Carnicerias	Diego Portales 1025 Viña del Mar - V Región	NA	(+56)322483637
carniceria	Carniceria y Rotiseria Anita	Carnicerias	José Santos Ossa 0 Antofagasta - II Región	NA	(+56)552254436
carniceria	Rubilar Alveal Blanca Eugenia	Carnicerias	Bañados Espinoza 1926 Calama - II Región	NA	(+56)552360798
carniceria	Magnere	Carnicerias	Lib. B.O'Higgins 129 Quillota - V Región	NA	(+56)332312134
carniceria	Carniceria Varas	Carnicerias	Av Prat 194 Quillota - V Región	NA	(+56)332310087
carniceria	Carniceria Romasol	Carnicerias	Av Valparaíso 796 Villa Alemana - V Región	NA	(+56)322950035
carniceria	Carniceria Esperanza	Carnicerias	Av Colón 2798 Valparaíso - V Región	NA	(+56)322234101
carniceria	Distribuidora y Comercializadora de Carne Don Luis	Carnicerias	Haití 1176 Valparaíso - V Región	NA	(+56)322748674
carniceria	Comercial Genovesa Limitada	Carnicerias	Claudio Vicuña 723 Quilpué - V Región	NA	(+56)322922458
carniceria	Carniceria Gonzalez	Carnicerias	Mercado Municipal 0 Viña del Mar - V Región	NA	(+56)322685405
carniceria	Figueroa Salomon Vicente Luis	Carnicerias	Av San Agustín 779 Concón - V Región	NA	(+56)322812151
carniceria	Carniceria Central	Carnicerias	Estrella de Chile 196 Quintero - V Región	NA	(+56)322930621
carniceria	Carniceria Torrejon	Carnicerias	Av Independencia 1801 Valparaíso - V Región	NA	(+56)322214486
carniceria	Carniceria Jl	Carnicerias	O'Brien 307 Valparaíso - V Región	NA	(+56)322239959
carniceria	Don Luis	Carnicerias	Av Arturo Prat 1672 Quintero - V Región	NA	(+56)322931760
carniceria	Carniceria la Plaza	Carnicerias	Almirante Latorre 96 Cartagena - V Región	NA	(+56)352450289
carniceria	Carniceria Rivas	Carnicerias	Los Molles 700 La Ligua - V Región	NA	(+56)332711907
carniceria	Carniceria Santa Teresa	Carnicerias	República Argentina 698 Los Andes - V Región	NA	(+56)342421082
carniceria	Carniceria la Economia	Carnicerias	Pje Capitán Raimundo Morris 28 Chiguayante - VIII Región	NA	(+56)412337255
carniceria	Carniceria la Rivera	Carnicerias	Juan Mackay 580 Coronel - VIII Región	NA	(+56)412710410
carniceria	Torres Rivera Hector Miguel	Carnicerias	Maule 656 Tomé - VIII Región	NA	(+56)412659734
carniceria	Carniceria San Jorge	Carnicerias	Ventus 1898 Concepción - VIII Región	NA	(+56)412913692
carniceria	Norambuena Pino Jorge	Carnicerias	José Miguel Carrera 316 Lebu - VIII Región	NA	(+56)412512395
carniceria	Multicarne Saul Abraham Martinez Garrido	Carnicerias	Patria 0 Arauco - VIII Región	NA	(+56)412571087
carniceria	Comercial Aedo S.A.	Carnicerias	Pedro Aguirre Cerda 0 Chiguayante - VIII Región	NA	(+56)412361863
carniceria	La Norteña	Carnicerias	Av San Martín 01404 Temuco - IX Región	NA	(+56)452240679
carniceria	Perez Rupayan Ana Maria	Carnicerias	Trancura 1035 Temuco - IX Región	NA	(+56)452389223
carniceria	La Sin Ri Val	Carnicerias	Matta 197 Temuco - IX Región	NA	(+56)452318542
carniceria	Carniceria Anita	Carnicerias	Blanco 730 Temuco - IX Región	NA	(+56)452403833
carniceria	Carniceria Tromen	Carnicerias	Tromen 35 Temuco - IX Región	NA	(+56)452324502
carniceria	Carnes Venegas	Carnicerias	Av Mercado Municipal 0 Temuco - IX Región	NA	(+56)452212400
carniceria	Uribe Quezada Marta Elena	Carnicerias	Av Libertador B.O'Higgins 499 Angol - IX Región	NA	(+56)452718309
carniceria	Comercializadora de Carnes Fina Seleccion	Carnicerias	General Aldunate 398 Temuco - IX Región	NA	(+56)452220951
carniceria	Duran Merino Lilian Jeannette	Carnicerias	Pje Oscar Mellado 259 Lautaro - IX Región	NA	(+56)452533900
carniceria	Carnes Araneda	Carnicerias	General Aldunate 0 Temuco - IX Región	NA	(+56)452211991
carniceria	Frigorífico la Preferencia	Carnicerias	Av Manuel Recabarren 01720 Temuco - IX Región	NA	(+56)452250468
carniceria	Comercial San Pablo	Carnicerias	Pedro Montt 102 Purranque - X Región	NA	(+56)642350070
carniceria	Carniceria la Economica	Carnicerias	Lib. B. O'Higgins 649 Castro - X Región	NA	(+56)652635085
carniceria	Don Michel	Carnicerias	Eleuterio Ramírez 478 Natales - XII Región	NA	(+56)612414701
carniceria	Carniceria Juan Hernandez	Carnicerias	Franklin 840 SANTIAGO - RM	NA	(+56)225562231
carniceria	Carniceria Carmen Trocal	Carnicerias	Yungay 131 Quillota - V Región	NA	(+56)332358257
carniceria	Carniceria 3B	Carnicerias	Av Pedro Montt 196 San Antonio - V Región	NA	(+56)352586902
carniceria	Donde Ricardo	Carnicerias	General Aldunate 358 Temuco - IX Región	NA	(+56)452737470
carniceria	Frigorifico San Andres	Carnicerias	Manuel Rodríguez 1477 Temuco - IX Región	NA	(+56)452738983
carniceria	Carnes Fam	Carnicerias	Av Independencia 4853 CONCHALÍ - RM	NA	(+56)229960588
carniceria	Cirano Gaete Gustavo Suc	Carnicerias	Av Luis Barros Borgoño 42 Graneros - VI Región	NA	(+56)722472788
carniceria	Carnes O'Higgins	Carnicerias	Membrillar 425 Rancagua - VI Región	NA	(+56)722235267
carniceria	Carniceria San Luis	Carnicerias	José Toribio Medina 8 Santa Cruz - VI Región	NA	(+56)722821924
carniceria	Carniceria Urzua	Carnicerias	Dr. José A.Salinas 1165 Rancagua - VI Región	NA	(+56)722244226
carniceria	Carniceria Gomez	Carnicerias	Av Alonso de Ercilla 300 Rengo - VI Región	NA	(+56)722680112
carniceria	Carniceria Talca	Carnicerias	11 Oriente 1593 Talca - VII Región	NA	(+56)712221439
carniceria	Chacon Suri Jose Miguel	Carnicerias	Rafael Tagle 31 Requinoa - VI Región	NA	(+56)722551132
carniceria	Carnes Morales	Carnicerias	Maipú 0 Linares - VII Región	NA	(+56)732214857
carniceria	Espinoza Droguett Alynson Rode	Carnicerias	Av Manuel Montt 0 Doñihue - VI Región	NA	(+56)722463537
carniceria	Sucesion Brahin Salvador Adi Osorio	Carnicerias	Av Independencia 609 Mostazal - VI Región	NA	(+56)722491316
carniceria	Carnes Donde Gabriel	Carnicerias	Av Brasil 1032 Rancagua - VI Región	NA	(+56)722644346
carniceria	Carniceria Central	Carnicerias	Pje Oscar Castro 48 Codegua - VI Región	NA	(+56)722625604
carniceria	Carniceria Pavez	Carnicerias	Armando Jaramillo 270 Nancagua - VI Región	NA	(+56)722858387
carniceria	Carnicerias San Alamiro	Carnicerias	El Limonero 0 San Vicente - VI Región	NA	(+56)722571983
carniceria	Dicarma Ltda	Carnicerias	Diego Portales 0399 Punta Arenas - XII Región	NA	(+56)612262536
carniceria	Carniceria  la Nueva Moderna	Carnicerias	Sargento Aldea 135 La Ligua - V Región	NA	(+56)332715479
carniceria	Doña Katta	Carnicerias	Santa Ana 122 Quilpué - V Región	NA	(+56)322943210
carniceria	Sabrocid	Carnicerias	Av Manuel Rodríguez 453 Chiguayante - VIII Región	NA	(+56)412987852
carniceria	Carniceria Brunelli	Carnicerias	Av Progreso 2000 Iquique - I Región	NA	(+56)572437622
carniceria	Carniceria Juaco	Carnicerias	Av J Edwards Bello 9984 LA Granja - RM	NA	(+56)225165098
carniceria	Carnes Rapel	Carnicerias	Av Santa Rosa 9482 LA Granja - RM	NA	(+56)225695524
carniceria	Carnes Pedro Andres	Carnicerias	René Schneider 154 Lota - VIII Región	NA	(+56)412870275
carniceria	La Estancia del Sur	Carnicerias	Villanelo 143 Viña del Mar - V Región	NA	(+56)322715362
carniceria	Carniceria Estrella	Carnicerias	Av La Palma 1788 CONCHALÍ - RM	NA	(+56)227366881
carniceria	Carnes Santa Fe	Carnicerias	Arturo Prat 2140 SANTIAGO - RM	NA	(+56)225567115
carniceria	Carniceria Jj	Carnicerias	Carmen 311 PAINE - RM	NA	(+56)228242847
carniceria	Carniceria Alejandro Lipian	Carnicerias	El Olimpo 3010 MAIPÚ - RM	NA	(+56)225311251
carniceria	Carniceria Estadio	Carnicerias	Av Estadio 01003 Temuco - IX Región	NA	(+56)452247790
carniceria	Sebastian	Carnicerias	Av Teniente Cruz 331 PUDAHUEL - RM	NA	(+56)227497867
carniceria	Carniceria Hinostroza	Carnicerias	Matucana 502 Parral - VII Región	NA	(+56)732463868
carniceria	Carnes Adeyale	Carnicerias	Santa Zita 9115 LAS Condes - RM	NA	(+56)222248314
carniceria	Longaniza Casera Artesanal J.R	Carnicerias	Ecuador 1354 Puerto Montt - X Región	NA	(+56)998816824
carniceria	Carniceria Albornoz (Rola)	Carnicerias	Luis Cruz Martínez 2964 Molina - VII Región	NA	(+56)752492522
carniceria	Carniceria Gamy	Carnicerias	C Pzla. Las Condes 9293 LAS Condes - RM	NA	(+56)222129839
carniceria	Carnes Pego	Carnicerias	Av El Molo 174 San Antonio - V Región	NA	(+56)352234625
carniceria	Chanchito a la Chilena	Carnicerias	Serrano 180 Limache - V Región	NA	(+56)332412179
carniceria	Panchito	Carnicerias	Pje Capitán Raimundo Morris 22 Chiguayante - VIII Región	NA	(+56)412359310
carniceria	Carniceria Palena	Carnicerias	Av Santa Teresa 16 Los Andes - V Región	NA	(+56)342424075
carniceria	El Gallo	Carnicerias	Claudio Arrau León 185 Viña del Mar - V Región	NA	(+56)322876458
carniceria	Carniceria los Panchos	Carnicerias	Palena 960 ESTACIÓN Central - RM	NA	(+56)227422606
carniceria	Carniceria Don Pedro	Carnicerias	Av Ramón Freire 112 Quillota - V Región	NA	(+56)332313455
carniceria	Carniceria Don Ramon	Carnicerias	Maipón 23 Chillán - XVI Región	NA	(+56)422230185
carniceria	Carniceria Santa Anita	Carnicerias	Mercado Municipal 0 Chillán - XVI Región	NA	(+56)422220765
carniceria	Carniceria D&V	Carnicerias	Nicasio Alarcón 605 Ranquil - XVI Región	NA	(+56)421970262
carniceria	Carniceria la Granja	Carnicerias	Balmaceda 365 El Carmen - XVI Región	www.facebook.com/carniceriayfrabricadececinaslagranja	(+56)422661115
carniceria	Overo Colorado	Carnicerias	San Martín 102 Los Muermos - X Región	NA	(+56)959007055
carniceria	Carnicerias San Agustin	Carnicerias	Av Progreso 2000 Iquique - I Región	NA	(+56)572439118
carniceria	Carnicería de Equinos la Hacienda	Carnicerias	Ejército 970 Concepción - VIII Región	NA	(+56)412910159
carniceria	Carniceria y Rotiseria Rameirez	Carnicerias	Villa Alegre 854 Temuco - IX Región	www.carniceriayrotiseriaramirez.cl	(+56)452334085
carniceria	Carnes Monte Cristo	Carnicerias	Pje Gioto 3281 PUENTE Alto - RM	NA	(+56)229805781
carniceria	Ganadera Temuco	Carnicerias	Av Las Torres 830 MAIPÚ - RM	NA	(+56)227418700
carniceria	Luis Abarca y Compania Limitada	Carnicerias	Franklin 888 SANTIAGO - RM	NA	(+56)225510015
carniceria	Carniceria Maruca	Carnicerias	Las Torres 025 SAN Bernardo - RM	NA	(+56)228573104
carniceria	Garces Varela Hnos. & Cia Limitada	Carnicerias	Av Las Flores 20217 PUDAHUEL - RM	NA	(+56)226976195
carniceria	Atala Moya Maria y Moya Meris Marina	Carnicerias	Franklin 840 SANTIAGO - RM	NA	(+56)225551019
carniceria	Urrutia Hnos	Carnicerias	Buenos Aires 271 RECOLETA - RM	NA	(+56)223699979
carniceria	Carniceria S & Z	Carnicerias	Av Dgo Santa María 2529 INDEPENDENCIA - RM	NA	(+56)982298334
carniceria	Comercializadora de Alimentos los Cisnes LTDA.	Carnicerias	Av Buzeta 4328 CERRILLOS - RM	WWW.GANADERAPURRANQUE.CL	(+56)225520940
carniceria	Cecinas Convento Viejo	Carnicerias	4 Norte 1486 Talca - VII Región	NA	(+56)968780818
carniceria	Carniceria San Mateo	Carnicerias	Bandera 7488 Antofagasta - II Región	www.carniceriasanmateo.cl	(+56)964969935
carniceria	Madimac Ltda	Maquinaria Para Carnicerias	Neptuno 02136 Temuco - IX Región	NA	(+56)452731602
carniceria	Reparaciones Jose Canales	Reparacion De Maquinaria Para Carnicerias Y Rotiserias	Pje Alberto Olbretch 3266 Talcahuano - VIII Región	NA	(+56)413178682
carniceria	Car Bri-Servicio Tecnico	Reparacion De Maquinaria Para Carnicerias Y Rotiserias	Reinicke 198 Villa Alemana - V Región	NA	(+56)999774261
carniceria	Comercial Austral	Reparacion De Maquinaria Para Carnicerias Y Rotiserias	Av Colón 1873 Valparaíso - V Región	NA	(+56)322251894
carniceria	Servicio y Reparacion de Maquinaria LTDA.	Reparacion De Maquinaria Para Carnicerias Y Rotiserias	Pje Villaseca 509 ÑUÑOA - RM	NA	(+56)225845454
carniceria	Tmc Servicio Tecnico	Reparacion De Maquinaria Para Carnicerias Y Rotiserias	Tucapel 1274 Temuco - IX Región	NA	(+56)452856226
carniceria	Supermercado del Pollo	Reparacion De Maquinaria Para Carnicerias Y Rotiserias	Caupolicán 740 Concepción - VIII Región	NA	(+56)412236661
carniceria	Insumos Gandara	Reparacion De Maquinaria Para Carnicerias Y Rotiserias	Pje Fuerte Arauco 4021 RECOLETA - RM	NA	(+56)226219601
carniceria	Prontservi	Servicios Computacionales	Pje Napoleón Meneses 1347 Los Andes - V Región	www.prontservi.cl	(+56)967481636
carniceria	Carniceria Aconcagua	Carnes	Traslaviña 212 San Felipe - V Región	NA	(+56)342510127
carniceria	Carniceria Tegualda	Cecinas	Tegualda 150 Concepción - VIII Región	NA	(+56)412951015
carniceria	Carniceria Felipe	Carnes	Pje Mauricio Rugendas 03566 LO Espejo - RM	www.carniceriafelipe.cl	(+56)987005689
carniceria	Carniceria Monserat	Carnes	Pje Padre Hurtado 602 Calera - V Región	NA	(+56)332226228
carniceria	Carniceria los Andes	Corredores De Ganado	Av Loa 1631 Arica - XV Región	www.carnicerialosandes.cl	(+56)993964119
carniceria	Carniceria Splendid	Carnes	Av Conde de Manzo 569 MELIPILLA - RM	NA	(+56)228329084
carniceria	Carniceria Azua	Servicios Y Productos Varios	Av América 645 SAN Bernardo - RM	NA	(+56)228583833
carniceria	Carniceria Coyihuai	Servicios Y Productos Varios	Buenos Aires 1771 Quilpué - V Región	NA	(+56)322425889
carniceria	Carniceria las Islas	Servicios Y Productos Varios	Av La Sinfonía 1277 MAIPÚ - RM	NA	(+56)228239569
carniceria	Almacen Carniceria	Abarrotes	Av Teniente Cruz 900 PUDAHUEL - RM	NA	(+56)226432949
carniceria	Carniceria Jaramillo	Abarrotes	Miraflores 1539 Temuco - IX Región	NA	(+56)452320607
carniceria	Carniceria la Sevillana	Supermercados	Av 9 Sur 1590 Talca - VII Región	NA	(+56)712232925
carniceria	Carniceria Super	Carnes	Av Cristóbal Colón 136 Talcahuano - VIII Región	NA	(+56)412545319
carniceria	Carniceria los Compadres	Carnes	Av Gabriela Mistral 0 La Serena - IV Región	NA	(+56)512411092
carniceria	Carniceria Recreo	Carnes	Santa Clara 5690 SAN Miguel - RM	NA	(+56)225257477
carniceria	Carniceria Victoria	Carnes	Arturo Prat 1290 Curanilahue - VIII Región	NA	(+56)412691380
carniceria	Carniceria Carolina	Carnes	Julio Sierra 358 Curanilahue - VIII Región	NA	(+56)412693260
carniceria	Carniceria las 3B	Carnes	Los Quillayes 338 Illapel - IV Región	NA	(+56)532522677
carniceria	Carniceria el Sol	Almacenes De Barrio	Santa María 701 Cunco - IX Región	NA	(+56)452573839
carniceria	Carniceria Don German	Carnes	Av Chorrillos 991 San Javier - VII Región	NA	(+56)732321274
carniceria	Carniceria Santa Ana	Carnes	Manuel Antonio Matta 2516 Antofagasta - II Región	www.gruposantaana.cl	(+56)552423116
carniceria	Civa Botilleria y Carniceria	Botillerias	José Joaquín Pérez 8963 CERRO Navia - RM	www.tepeco.cl	(+56)226432183
carniceria	Carniceria y Minimarket Torcaza	Almacenes De Barrio	Torcaza 656 Calera - V Región	NA	(+56)332226913
carniceria	Carniceria San Raul	Servicios Y Productos Varios	La Orquesta 10801 LA Pintana - RM	NA	(+56)225465410
carniceria	Carniceria L y P	Servicios Y Productos Varios	A. López de Bello 743 RECOLETA - RM	NA	(+56)227322308
carniceria	Almacen Carniceria Carolina	Almacenes De Barrio	Venezuela 0413 PUENTE Alto - RM	NA	(+56)228510880
carniceria	Distribuidora y Carniceria Austral	Carnes	Av Las Palmas 681 Villa Alemana - V Región	www.carniceriaaustral.cl	(+56)991618950
carniceria	Carniceria Santa Paulina	Carnes	Balmaceda 465 Catemu - V Región	NA	(+56)342614050
carniceria	Carniceria Obrero Portuarios	Carnes	Av Doctor Luis Reuss Bernat 0 San Antonio - V Región	NA	(+56)352234994
carniceria	Carniceria - Minimarket Lourdes	Almacenamiento De Mercaderias	Luis Cousiño 1995 SANTIAGO - RM	NA	(+56)225513588
carniceria	Carniceria el Yugo Ltda	Servicios Y Productos Varios	El Abeto 8649 PUDAHUEL - RM	NA	(+56)227491722
carniceria	Carniceria y Fabrica Cecinas Republicas	Cecinas	Av República 650 Osorno - X Región	www.cecinasrepublica.cl	(+56)642236023
carniceria	Minimarket Carniceria Don Papi	Rotiserias	Los Notros 910 Puerto Montt - X Región	www.donpapi.cl	(+56)996773001
carniceria	Carniceria y Almacenes Roxana Romero	Almacenes De Barrio	Irene Morales 090 Temuco - IX Región	www.mrlimpieza.cl	(+56)452343142
carniceria	Carniceria y Roticeria  San Luis	Abarrotes	Av María Auxiliadora 656 Talca - VII Región	NA	(+56)712213620
